alert_id,flow_id,alert_name,alert_type,severity,confidence,risk_score,start_time,end_time,src_ip,src_port,src_mac,src_hostname,src_country,dst_ip,dst_port,dst_mac,dst_hostname,dst_country,protocol,application,packets,bytes,dns_query,dns_response,http_method,http_host,http_uri,http_status,http_user_agent,tls_version,cipher_suite,ja3,ja3s,sni,filename,md5,sha256,ioc_match,malware_family,c2_activity,beaconing,lateral_movement,data_exfiltration,port_scanning,user_name,authentication_result,anomaly_score,geo_latitude,geo_longitude,raw_metadata
AR-3000,SN-2015,Port Scan Detected,Reconnaissance,high,75,72,2026-06-10T06:20:05.000Z,2026-06-10T06:20:15.000Z,45.33.32.156,49167,00:11:22:33:44:88,scan-host-156,NL,10.10.40.55,22,00:50:56:e5:40:55,ops-jump-55,US,TCP,SSH,8,480,,,,,,,OpenSSH_8.9,,,,,,,,,no,,no,no,no,no,yes,unknown,success,25,52.3676,4.9041,Arista NDR: Port Scan Detected on scan-host-156->ops-jump-55 [SSH]
AR-3001,SN-2016,Port Scan Detected,Reconnaissance,medium,68,65,2026-06-10T06:21:08.000Z,2026-06-10T06:21:18.000Z,45.33.32.156,49168,00:11:22:33:44:88,scan-host-156,NL,10.10.40.10,443,00:50:56:f6:40:10,mgmt-portal-01,US,TCP,HTTPS,6,360,,,GET,mgmt-portal-01,/data,200,Python-Requests/2.31,1.3,TLS_AES_256_GCM_SHA384,ja3_a1srcaaaaa,ja3_a1dstaaaaa,mgmt-portal-01,,,,no,,no,no,no,no,yes,unknown,success,23,52.3676,4.9041,Arista NDR: Port Scan Detected on scan-host-156->mgmt-portal-01 [HTTPS]
AR-3002,SN-2017,SMB Probe,Reconnaissance,high,81,78,2026-06-10T06:22:11.000Z,2026-06-10T06:22:20.000Z,45.33.32.156,49169,00:11:22:33:44:88,scan-host-156,NL,10.10.20.12,445,00:50:56:b2:20:12,fs-payroll-01,US,TCP,SMB,4,240,,,,,,,Windows SMB Client,,,,,,,,,no,,no,no,no,no,yes,unknown,success,29,52.3676,4.9041,Arista NDR: SMB Probe on scan-host-156->fs-payroll-01 [SMB]
AR-3003,SN-2018,LDAP Enumeration,Reconnaissance,high,84,81,2026-06-10T06:23:14.000Z,2026-06-10T06:23:23.000Z,45.33.32.156,49170,00:11:22:33:44:88,scan-host-156,NL,10.10.60.100,389,00:50:56:bb:60:01,dc-primary-01,US,TCP,LDAP,5,320,,,,,,,ldapsearch/64,,,,,,,,,no,,no,no,no,no,yes,unknown,success,31,52.3676,4.9041,Arista NDR: LDAP Enumeration on scan-host-156->dc-primary-01 [LDAP]
AR-3004,SN-2019,DB Port Probe,Reconnaissance,high,78,75,2026-06-10T06:24:17.000Z,2026-06-10T06:24:26.000Z,45.33.32.156,49171,00:11:22:33:44:88,scan-host-156,NL,10.10.20.14,3306,00:50:56:b2:20:14,db-finance-01,US,TCP,MySQL,3,180,,,,,,,MySQL Connector/8.0,,,,,,,,,no,,no,no,no,no,yes,unknown,success,30,52.3676,4.9041,Arista NDR: DB Port Probe on scan-host-156->db-finance-01 [MySQL]
AR-3005,SN-2020,Web Probe,Reconnaissance,medium,63,60,2026-06-10T06:25:05.000Z,2026-06-10T06:25:14.000Z,45.33.32.156,49172,00:11:22:33:44:88,scan-host-156,NL,10.10.50.18,8080,00:50:56:aa:50:18,rd-lab-18,US,TCP,HTTP,4,240,,,GET,rd-lab-18,/data,200,Windows Defender,,,,,,,,,no,,no,no,no,no,yes,unknown,success,26,52.3676,4.9041,Arista NDR: Web Probe on scan-host-156->rd-lab-18 [HTTP]
AR-3006,SN-2021,NetBIOS Probe,Reconnaissance,high,73,70,2026-06-10T06:26:08.000Z,2026-06-10T06:26:17.000Z,45.33.32.156,49173,00:11:22:33:44:88,scan-host-156,NL,10.10.10.21,139,00:50:56:a1:10:21,ws-finance-21,US,TCP,SMB,3,160,,,,,,,Windows SMB Client,,,,,,,,,no,,no,no,no,no,yes,unknown,success,30,52.3676,4.9041,Arista NDR: NetBIOS Probe on scan-host-156->ws-finance-21 [SMB]
AR-3007,SN-2022,HTTP Probe,Reconnaissance,medium,65,62,2026-06-10T06:27:11.000Z,2026-06-10T06:27:20.000Z,45.33.32.156,49174,00:11:22:33:44:88,scan-host-156,NL,10.10.20.15,80,00:50:56:b2:20:15,app-internal-01,US,TCP,HTTP,4,200,,,GET,app-internal-01,/data,200,Windows Defender,,,,,,,,,no,,no,no,no,no,yes,unknown,success,28,52.3676,4.9041,Arista NDR: HTTP Probe on scan-host-156->app-internal-01 [HTTP]
AR-3008,SN-2023,LDAP Enumeration,Reconnaissance,high,79,76,2026-06-10T06:28:14.000Z,2026-06-10T06:28:23.000Z,45.33.32.156,49175,00:11:22:33:44:88,scan-host-156,NL,10.10.60.101,389,00:50:56:bb:60:02,dc-secondary-02,US,TCP,LDAP,5,280,,,,,,,ldapsearch/64,,,,,,,,,no,,no,no,no,no,yes,unknown,success,34,52.3676,4.9041,Arista NDR: LDAP Enumeration on scan-host-156->dc-secondary-02 [LDAP]
AR-3009,SN-2024,SSH Probe,Reconnaissance,medium,71,68,2026-06-10T06:29:17.000Z,2026-06-10T06:29:26.000Z,45.33.32.156,49176,00:11:22:33:44:88,scan-host-156,NL,10.10.10.22,22,00:50:56:a1:10:22,ws-finance-22,US,TCP,SSH,4,220,,,,,,,OpenSSH_8.9,,,,,,,,,no,,no,no,no,no,yes,unknown,success,32,52.3676,4.9041,Arista NDR: SSH Probe on scan-host-156->ws-finance-22 [SSH]
AR-3010,SN-2025,RDP Probe,Reconnaissance,high,77,74,2026-06-10T06:30:05.000Z,2026-06-10T06:30:14.000Z,45.33.32.156,49177,00:11:22:33:44:88,scan-host-156,NL,10.10.30.44,3389,00:50:56:c3:30:44,eng-workstation-44,US,TCP,RDP,5,300,,,,,,,mstsc.exe/10.0,,,,,,,,,no,,no,no,no,no,yes,unknown,success,35,52.3676,4.9041,Arista NDR: RDP Probe on scan-host-156->eng-workstation-44 [RDP]
AR-3011,SN-2026,SSH Probe,Reconnaissance,medium,72,69,2026-06-10T06:31:08.000Z,2026-06-10T06:31:17.000Z,45.33.32.156,49178,00:11:22:33:44:88,scan-host-156,NL,10.10.40.56,22,00:50:56:e5:40:56,ops-jump-56,US,TCP,SSH,4,260,,,,,,,OpenSSH_8.9,,,,,,,,,no,,no,no,no,no,yes,unknown,success,35,52.3676,4.9041,Arista NDR: SSH Probe on scan-host-156->ops-jump-56 [SSH]
AR-3012,SN-2027,SMB Probe,Reconnaissance,high,76,73,2026-06-10T06:32:11.000Z,2026-06-10T06:32:20.000Z,45.33.32.156,49179,00:11:22:33:44:88,scan-host-156,NL,10.10.20.13,445,00:50:56:b2:20:13,fs-hr-02,US,TCP,SMB,4,200,,,,,,,Windows SMB Client,,,,,,,,,no,,no,no,no,no,yes,unknown,success,25,52.3676,4.9041,Arista NDR: SMB Probe on scan-host-156->fs-hr-02 [SMB]
AR-3013,SN-2028,Syslog Probe,Reconnaissance,medium,58,55,2026-06-10T06:33:14.000Z,2026-06-10T06:33:22.000Z,45.33.32.156,49180,00:11:22:33:44:88,scan-host-156,NL,10.10.70.200,514,00:50:56:cc:70:01,siem-collector-01,US,UDP,Syslog,2,120,,,,,,,rsyslog/8.2,,,,,,,,,no,,no,no,no,no,yes,unknown,success,20,52.3676,4.9041,Arista NDR: Syslog Probe on scan-host-156->siem-collector-01 [Syslog]
AR-3014,SN-2029,C2 Beacon Detected,Malware,critical,91,88,2026-06-10T06:40:17.000Z,2026-06-10T06:40:31.000Z,10.10.10.21,49181,00:50:56:a1:10:21,ws-finance-21,US,203.0.113.45,443,00:11:22:33:44:66,c2-server-45,RU,TCP,HTTPS,18,4200,,,GET,c2-server-45,/beacon,200,Python-Requests/2.31,1.3,TLS_CHACHA20_POLY1305_SHA256,ja3_a14srcaaaa,ja3_a14dstaaaa,c2-server-45,payload_qakbot.bin,md5_payloadqakbo,sha256_payloadqakbotbin,yes,Qakbot,yes,yes,no,no,no,finance.user,success,32,37.7749,-122.4194,Arista NDR: C2 Beacon Detected on ws-finance-21->c2-server-45 [HTTPS]
AR-3015,SN-2030,C2 Beacon Detected,Malware,critical,93,90,2026-06-10T06:41:05.000Z,2026-06-10T06:41:18.000Z,10.10.10.21,49182,00:50:56:a1:10:21,ws-finance-21,US,203.0.113.45,443,00:11:22:33:44:66,c2-server-45,RU,TCP,HTTPS,16,3800,,,GET,c2-server-45,/beacon,200,Python-Requests/2.31,1.3,TLS_AES_128_GCM_SHA256,ja3_a15srcaaaa,ja3_a15dstaaaa,c2-server-45,payload_qakbot.bin,md5_payloadqakbo,sha256_payloadqakbotbin,yes,Qakbot,yes,yes,no,no,no,finance.user,success,34,37.7749,-122.4194,Arista NDR: C2 Beacon Detected on ws-finance-21->c2-server-45 [HTTPS]
AR-3016,SN-2031,C2 Beacon Detected,Malware,critical,93,90,2026-06-10T06:42:08.000Z,2026-06-10T06:42:21.000Z,10.10.10.21,49183,00:50:56:a1:10:21,ws-finance-21,US,203.0.113.45,443,00:11:22:33:44:66,c2-server-45,RU,TCP,HTTPS,17,4100,,,GET,c2-server-45,/beacon,200,Python-Requests/2.31,1.3,TLS_AES_256_GCM_SHA384,ja3_a16srcaaaa,ja3_a16dstaaaa,c2-server-45,payload_qakbot.bin,md5_payloadqakbo,sha256_payloadqakbotbin,yes,Qakbot,yes,yes,no,no,no,finance.user,success,35,37.7749,-122.4194,Arista NDR: C2 Beacon Detected on ws-finance-21->c2-server-45 [HTTPS]
AR-3017,SN-2032,DNS Tunneling Suspected,Malware,high,85,82,2026-06-10T06:43:11.000Z,2026-06-10T06:43:26.000Z,10.10.10.21,49184,00:50:56:a1:10:21,ws-finance-21,US,8.8.8.8,53,00:00:00:00:00:01,google-dns,US,UDP,DNS,20,1200,google-dns,NOERROR,,,/upload,,Windows DNS Resolver,,,,,,payload_qakbot.bin,md5_payloadqakbo,sha256_payloadqakbotbin,yes,Qakbot,no,no,no,yes,no,finance.user,success,33,37.7749,-122.4194,Arista NDR: DNS Tunneling Suspected on ws-finance-21->google-dns [DNS]
AR-3018,SN-2033,DNS Tunneling Suspected,Malware,high,83,80,2026-06-10T06:44:14.000Z,2026-06-10T06:44:27.000Z,10.10.10.21,49185,00:50:56:a1:10:21,ws-finance-21,US,8.8.8.8,53,00:00:00:00:00:01,google-dns,US,UDP,DNS,16,980,google-dns,NOERROR,,,/upload,,Windows DNS Resolver,,,,,,payload_qakbot.bin,md5_payloadqakbo,sha256_payloadqakbotbin,yes,Qakbot,no,no,no,yes,no,finance.user,success,34,37.7749,-122.4194,Arista NDR: DNS Tunneling Suspected on ws-finance-21->google-dns [DNS]
AR-3019,SN-2034,DNS Tunneling Suspected,Malware,high,82,79,2026-06-10T06:45:17.000Z,2026-06-10T06:45:31.000Z,10.10.10.21,49186,00:50:56:a1:10:21,ws-finance-21,US,8.8.8.8,53,00:00:00:00:00:01,google-dns,US,UDP,DNS,18,1050,google-dns,NOERROR,,,/upload,,Windows DNS Resolver,,,,,,payload_qakbot.bin,md5_payloadqakbo,sha256_payloadqakbotbin,yes,Qakbot,no,no,no,yes,no,finance.user,success,34,37.7749,-122.4194,Arista NDR: DNS Tunneling Suspected on ws-finance-21->google-dns [DNS]
AR-3020,SN-2035,C2 Beacon Detected,Malware,critical,92,89,2026-06-10T06:50:05.000Z,2026-06-10T06:50:18.000Z,10.10.10.21,49187,00:50:56:a1:10:21,ws-finance-21,US,203.0.113.45,443,00:11:22:33:44:66,c2-server-45,RU,TCP,HTTPS,16,3950,,,GET,c2-server-45,/beacon,200,Python-Requests/2.31,1.3,TLS_CHACHA20_POLY1305_SHA256,ja3_a20srcaaaa,ja3_a20dstaaaa,c2-server-45,payload_qakbot.bin,md5_payloadqakbo,sha256_payloadqakbotbin,yes,Qakbot,yes,yes,no,no,no,finance.user,success,39,37.7749,-122.4194,Arista NDR: C2 Beacon Detected on ws-finance-21->c2-server-45 [HTTPS]
AR-3021,SN-2036,C2 Beacon Detected,Malware,critical,92,89,2026-06-10T06:55:08.000Z,2026-06-10T06:55:21.000Z,10.10.10.21,49188,00:50:56:a1:10:21,ws-finance-21,US,203.0.113.45,443,00:11:22:33:44:66,c2-server-45,RU,TCP,HTTPS,17,4050,,,GET,c2-server-45,/beacon,200,Python-Requests/2.31,1.3,TLS_AES_128_GCM_SHA256,ja3_a21srcaaaa,ja3_a21dstaaaa,c2-server-45,payload_qakbot.bin,md5_payloadqakbo,sha256_payloadqakbotbin,yes,Qakbot,yes,yes,no,no,no,finance.user,success,40,37.7749,-122.4194,Arista NDR: C2 Beacon Detected on ws-finance-21->c2-server-45 [HTTPS]
AR-3022,SN-2037,C2 Beacon Detected,Malware,critical,91,88,2026-06-10T07:00:11.000Z,2026-06-10T07:00:24.000Z,10.10.10.21,49189,00:50:56:a1:10:21,ws-finance-21,US,203.0.113.45,443,00:11:22:33:44:66,c2-server-45,RU,TCP,HTTPS,17,4020,,,GET,c2-server-45,/beacon,200,Python-Requests/2.31,1.3,TLS_AES_256_GCM_SHA384,ja3_a22srcaaaa,ja3_a22dstaaaa,c2-server-45,payload_qakbot.bin,md5_payloadqakbo,sha256_payloadqakbotbin,yes,Qakbot,yes,yes,no,no,no,finance.user,success,40,37.7749,-122.4194,Arista NDR: C2 Beacon Detected on ws-finance-21->c2-server-45 [HTTPS]
AR-3023,SN-2038,C2 Beacon Detected,Malware,critical,90,87,2026-06-10T07:05:14.000Z,2026-06-10T07:05:27.000Z,10.10.10.21,49190,00:50:56:a1:10:21,ws-finance-21,US,203.0.113.45,443,00:11:22:33:44:66,c2-server-45,RU,TCP,HTTPS,16,3900,,,GET,c2-server-45,/beacon,200,Python-Requests/2.31,1.3,TLS_CHACHA20_POLY1305_SHA256,ja3_a23srcaaaa,ja3_a23dstaaaa,c2-server-45,payload_qakbot.bin,md5_payloadqakbo,sha256_payloadqakbotbin,yes,Qakbot,yes,yes,no,no,no,finance.user,success,41,37.7749,-122.4194,Arista NDR: C2 Beacon Detected on ws-finance-21->c2-server-45 [HTTPS]
AR-3024,SN-2039,Kerberoasting,Behavioral,high,88,85,2026-06-10T07:10:17.000Z,2026-06-10T07:10:29.000Z,10.10.10.21,49191,00:50:56:a1:10:21,ws-finance-21,US,10.10.60.100,88,00:50:56:bb:60:01,dc-primary-01,US,TCP,Kerberos,12,2800,,,,,,,Windows Kerberos,,,,,,,,,no,,no,no,yes,no,no,finance.user,success,29,37.7749,-122.4194,Arista NDR: Kerberoasting on ws-finance-21->dc-primary-01 [Kerberos]
AR-3025,SN-2040,LDAP Enumeration,Behavioral,high,87,84,2026-06-10T07:11:05.000Z,2026-06-10T07:11:21.000Z,10.10.10.21,49192,00:50:56:a1:10:21,ws-finance-21,US,10.10.60.100,389,00:50:56:bb:60:01,dc-primary-01,US,TCP,LDAP,24,6400,,,,,,,ldapsearch/64,,,,,,,,,no,,no,no,yes,no,no,finance.user,success,30,37.7749,-122.4194,Arista NDR: LDAP Enumeration on ws-finance-21->dc-primary-01 [LDAP]
AR-3026,SN-2041,Credentials Access,Behavioral,high,89,86,2026-06-10T07:12:08.000Z,2026-06-10T07:12:30.000Z,10.10.10.21,49193,00:50:56:a1:10:21,ws-finance-21,US,10.10.60.100,445,00:50:56:bb:60:01,dc-primary-01,US,TCP,SMB,42,12400,,,,,,,Windows SMB Client,,,,,,,,,no,,no,no,yes,no,no,finance.user,success,32,37.7749,-122.4194,Arista NDR: Credentials Access on ws-finance-21->dc-primary-01 [SMB]
AR-3027,SN-2042,Pass-the-Ticket,Behavioral,high,87,84,2026-06-10T07:13:11.000Z,2026-06-10T07:13:23.000Z,10.10.10.21,49194,00:50:56:a1:10:21,ws-finance-21,US,10.10.60.101,88,00:50:56:bb:60:02,dc-secondary-02,US,TCP,Kerberos,14,3000,,,,,,,Windows Kerberos,,,,,,,,,no,,no,no,yes,no,no,finance.user,success,32,37.7749,-122.4194,Arista NDR: Pass-the-Ticket on ws-finance-21->dc-secondary-02 [Kerberos]
AR-3028,SN-2043,Credentials Access,Behavioral,high,77,74,2026-06-10T07:14:14.000Z,2026-06-10T07:14:36.000Z,10.10.10.21,49195,00:50:56:a1:10:21,ws-finance-21,US,10.10.20.12,445,00:50:56:b2:20:12,fs-payroll-01,US,TCP,SMB,42,58320,,,,,,,Windows SMB Client,,,,,,,,,no,,no,no,yes,no,no,finance.user,success,29,37.7749,-122.4194,Arista NDR: Credentials Access on ws-finance-21->fs-payroll-01 [SMB]
AR-3029,SN-2044,Credentials Access,Behavioral,high,77,74,2026-06-10T07:15:17.000Z,2026-06-10T07:15:38.000Z,10.10.10.21,49196,00:50:56:a1:10:21,ws-finance-21,US,10.10.20.12,445,00:50:56:b2:20:12,fs-payroll-01,US,TCP,SMB,39,58000,,,,,,,Windows SMB Client,,,,,,,,,no,,no,no,yes,no,no,finance.user,success,30,37.7749,-122.4194,Arista NDR: Credentials Access on ws-finance-21->fs-payroll-01 [SMB]
AR-3030,SN-2045,Kerberoasting,Behavioral,high,83,80,2026-06-10T07:16:05.000Z,2026-06-10T07:16:16.000Z,10.10.10.22,49197,00:50:56:a1:10:22,ws-finance-22,US,10.10.60.100,88,00:50:56:bb:60:01,dc-primary-01,US,TCP,Kerberos,10,2200,,,,,,,Windows Kerberos,,,,,,,,,no,,no,no,yes,no,no,finance2.user,success,34,37.7749,-122.4194,Arista NDR: Kerberoasting on ws-finance-22->dc-primary-01 [Kerberos]
AR-3031,SN-2046,LDAP Enumeration,Behavioral,high,81,78,2026-06-10T07:17:08.000Z,2026-06-10T07:17:22.000Z,10.10.10.22,49198,00:50:56:a1:10:22,ws-finance-22,US,10.10.60.100,389,00:50:56:bb:60:01,dc-primary-01,US,TCP,LDAP,18,4800,,,,,,,ldapsearch/64,,,,,,,,,no,,no,no,yes,no,no,finance2.user,success,34,37.7749,-122.4194,Arista NDR: LDAP Enumeration on ws-finance-22->dc-primary-01 [LDAP]
AR-3032,SN-2047,LDAP over SSL,Behavioral,high,86,83,2026-06-10T07:20:11.000Z,2026-06-10T07:20:26.000Z,10.10.10.21,49199,00:50:56:a1:10:21,ws-finance-21,US,10.10.60.100,636,00:50:56:bb:60:01,dc-primary-01,US,TCP,LDAPS,22,5600,,,,,,,ldapsearch-ssl/64,,,,,,,,,no,,no,no,yes,no,no,finance.user,success,37,37.7749,-122.4194,Arista NDR: LDAP over SSL on ws-finance-21->dc-primary-01 [LDAPS]
AR-3033,SN-2048,Credentials Access,Behavioral,high,82,79,2026-06-10T07:21:14.000Z,2026-06-10T07:21:34.000Z,10.10.10.22,49200,00:50:56:a1:10:22,ws-finance-22,US,10.10.60.100,445,00:50:56:bb:60:01,dc-primary-01,US,TCP,SMB,36,9800,,,,,,,Windows SMB Client,,,,,,,,,no,,no,no,yes,no,no,finance2.user,success,36,37.7749,-122.4194,Arista NDR: Credentials Access on ws-finance-22->dc-primary-01 [SMB]
AR-3034,SN-2049,Kerberos Anomaly,Behavioral,medium,75,72,2026-06-10T07:22:17.000Z,2026-06-10T07:22:27.000Z,10.10.10.24,49201,00:50:56:a1:10:24,ws-finance-24,US,10.10.60.100,88,00:50:56:bb:60:01,dc-primary-01,US,TCP,Kerberos,8,1800,,,,,,,Windows Kerberos,,,,,,,,,no,,no,no,yes,no,no,finance3.user,success,35,37.7749,-122.4194,Arista NDR: Kerberos Anomaly on ws-finance-24->dc-primary-01 [Kerberos]
AR-3035,SN-2050,LDAP Enumeration,Behavioral,high,79,76,2026-06-10T07:25:05.000Z,2026-06-10T07:25:17.000Z,10.10.10.23,49202,00:50:56:a1:10:23,ws-hr-23,US,10.10.60.100,389,00:50:56:bb:60:01,dc-primary-01,US,TCP,LDAP,14,3600,,,,,,,ldapsearch/64,,,,,,,,,no,,no,no,yes,no,no,hr.user,success,37,37.7749,-122.4194,Arista NDR: LDAP Enumeration on ws-hr-23->dc-primary-01 [LDAP]
AR-3036,SN-2051,DB Credential Use,Data Exfiltration,critical,94,91,2026-06-10T07:28:08.000Z,2026-06-10T07:28:46.000Z,10.10.10.21,49203,00:50:56:a1:10:21,ws-finance-21,US,10.10.20.14,3306,00:50:56:b2:20:14,db-finance-01,US,TCP,MySQL,88,128000,,,,,/upload,,MySQL Connector/8.0,,,,,,,,,yes,,no,no,yes,yes,no,finance.user,success,31,37.7749,-122.4194,Arista NDR: DB Credential Use on ws-finance-21->db-finance-01 [MySQL]
AR-3037,SN-2052,Internal App Access,Behavioral,high,75,72,2026-06-10T07:30:11.000Z,2026-06-10T07:30:30.000Z,10.10.10.21,49204,00:50:56:a1:10:21,ws-finance-21,US,10.10.20.15,80,00:50:56:b2:20:15,app-internal-01,US,TCP,HTTP,32,24000,,,GET,app-internal-01,/data,200,Windows Defender,,,,,,,,,no,,no,no,yes,no,no,finance.user,success,26,37.7749,-122.4194,Arista NDR: Internal App Access on ws-finance-21->app-internal-01 [HTTP]
AR-3038,SN-2053,Lateral Movement,Behavioral,high,85,82,2026-06-10T07:35:14.000Z,2026-06-10T07:35:34.000Z,10.10.10.21,49205,00:50:56:a1:10:21,ws-finance-21,US,10.10.20.13,445,00:50:56:b2:20:13,fs-hr-02,US,TCP,SMB,35,42000,,,,,,,Windows SMB Client,,,,,,,,,no,,no,no,yes,no,no,finance.user,success,30,37.7749,-122.4194,Arista NDR: Lateral Movement on ws-finance-21->fs-hr-02 [SMB]
AR-3039,SN-2054,DB Access,Data Exfiltration,critical,94,91,2026-06-10T07:36:17.000Z,2026-06-10T07:36:55.000Z,10.10.10.21,49206,00:50:56:a1:10:21,ws-finance-21,US,10.10.20.14,3306,00:50:56:b2:20:14,db-finance-01,US,TCP,MySQL,88,128000,,,,,/upload,,MySQL Connector/8.0,,,,,,,,,yes,,no,no,yes,yes,no,finance.user,success,34,37.7749,-122.4194,Arista NDR: DB Access on ws-finance-21->db-finance-01 [MySQL]
AR-3040,SN-2055,Lateral Movement,Behavioral,medium,71,68,2026-06-10T07:37:05.000Z,2026-06-10T07:37:23.000Z,10.10.10.22,49207,00:50:56:a1:10:22,ws-finance-22,US,10.10.20.12,445,00:50:56:b2:20:12,fs-payroll-01,US,TCP,SMB,30,36000,,,,,,,Windows SMB Client,,,,,,,,,no,,no,no,yes,no,no,finance2.user,success,27,37.7749,-122.4194,Arista NDR: Lateral Movement on ws-finance-22->fs-payroll-01 [SMB]
AR-3041,SN-2056,Lateral Movement,Behavioral,medium,68,65,2026-06-10T07:38:08.000Z,2026-06-10T07:38:24.000Z,10.10.10.23,49208,00:50:56:a1:10:23,ws-hr-23,US,10.10.20.13,445,00:50:56:b2:20:13,fs-hr-02,US,TCP,SMB,24,28000,,,,,,,Windows SMB Client,,,,,,,,,no,,no,no,yes,no,no,hr.user,success,27,37.7749,-122.4194,Arista NDR: Lateral Movement on ws-hr-23->fs-hr-02 [SMB]
AR-3042,SN-2057,Internal SMB Spread,Behavioral,high,79,76,2026-06-10T07:39:11.000Z,2026-06-10T07:39:25.000Z,10.10.10.21,49209,00:50:56:a1:10:21,ws-finance-21,US,10.10.10.22,445,00:50:56:a1:10:22,ws-finance-22,US,TCP,SMB,18,14000,,,,,,,Windows SMB Client,,,,,,,,,no,,no,no,yes,no,no,finance.user,success,32,37.7749,-122.4194,Arista NDR: Internal SMB Spread on ws-finance-21->ws-finance-22 [SMB]
AR-3043,SN-2058,Internal SMB Spread,Behavioral,high,75,72,2026-06-10T07:40:14.000Z,2026-06-10T07:40:26.000Z,10.10.10.22,49210,00:50:56:a1:10:22,ws-finance-22,US,10.10.10.23,445,00:50:56:a1:10:23,ws-hr-23,US,TCP,SMB,12,9800,,,,,,,Windows SMB Client,,,,,,,,,no,,no,no,yes,no,no,finance2.user,success,32,37.7749,-122.4194,Arista NDR: Internal SMB Spread on ws-finance-22->ws-hr-23 [SMB]
AR-3044,SN-2059,Cross-Segment SMB,Behavioral,high,87,84,2026-06-10T07:41:17.000Z,2026-06-10T07:41:34.000Z,10.10.10.21,49211,00:50:56:a1:10:21,ws-finance-21,US,10.10.30.44,445,00:50:56:c3:30:44,eng-workstation-44,US,TCP,SMB,26,22000,,,,,,,Windows SMB Client,,,,,,,,,no,,no,no,yes,no,no,finance.user,success,37,37.7749,-122.4194,Arista NDR: Cross-Segment SMB on ws-finance-21->eng-workstation-44 [SMB]
AR-3045,SN-2060,Cross-Segment SMB,Behavioral,high,81,78,2026-06-10T07:42:05.000Z,2026-06-10T07:42:20.000Z,10.10.10.22,49212,00:50:56:a1:10:22,ws-finance-22,US,10.10.30.45,445,00:50:56:c3:30:45,eng-workstation-45,US,TCP,SMB,22,18000,,,,,,,Windows SMB Client,,,,,,,,,no,,no,no,yes,no,no,finance2.user,success,36,37.7749,-122.4194,Arista NDR: Cross-Segment SMB on ws-finance-22->eng-workstation-45 [SMB]
AR-3046,SN-2061,SSH Lateral Move,Behavioral,high,85,82,2026-06-10T07:43:08.000Z,2026-06-10T07:43:21.000Z,10.10.10.21,49213,00:50:56:a1:10:21,ws-finance-21,US,10.10.40.55,22,00:50:56:e5:40:55,ops-jump-55,US,TCP,SSH,16,11000,,,,,,,OpenSSH_8.9,,,,,,,,,no,,no,no,yes,no,no,finance.user,success,38,37.7749,-122.4194,Arista NDR: SSH Lateral Move on ws-finance-21->ops-jump-55 [SSH]
AR-3047,SN-2062,Cross-Segment SMB,Behavioral,high,77,74,2026-06-10T07:44:11.000Z,2026-06-10T07:44:26.000Z,10.10.10.21,49214,00:50:56:a1:10:21,ws-finance-21,US,10.10.50.18,445,00:50:56:aa:50:18,rd-lab-18,US,TCP,SMB,20,16000,,,,,,,Windows SMB Client,,,,,,,,,no,,no,no,yes,no,no,finance.user,success,36,37.7749,-122.4194,Arista NDR: Cross-Segment SMB on ws-finance-21->rd-lab-18 [SMB]
AR-3048,SN-2063,Privilege Escalation,Behavioral,high,90,87,2026-06-10T07:45:14.000Z,2026-06-10T07:45:29.000Z,10.10.40.55,49215,00:50:56:e5:40:55,ops-jump-55,US,10.10.60.100,88,00:50:56:bb:60:01,dc-primary-01,US,TCP,Kerberos,22,5200,,,,,,,Windows Kerberos,,,,,,,,,no,,no,no,yes,no,no,ops.admin,success,30,37.7749,-122.4194,Arista NDR: Privilege Escalation on ops-jump-55->dc-primary-01 [Kerberos]
AR-3049,SN-2064,Admin Lateral Move,Behavioral,critical,92,89,2026-06-10T07:46:17.000Z,2026-06-10T07:46:45.000Z,10.10.40.55,49216,00:50:56:e5:40:55,ops-jump-55,US,10.10.20.12,445,00:50:56:b2:20:12,fs-payroll-01,US,TCP,SMB,58,75000,,,,,,,Windows SMB Client,,,,,,,,,no,,no,no,yes,no,no,ops.admin,success,32,37.7749,-122.4194,Arista NDR: Admin Lateral Move on ops-jump-55->fs-payroll-01 [SMB]
AR-3050,SN-2065,Admin Lateral Move,Behavioral,high,88,85,2026-06-10T07:47:05.000Z,2026-06-10T07:47:29.000Z,10.10.40.56,49217,00:50:56:e5:40:56,ops-jump-56,US,10.10.20.13,445,00:50:56:b2:20:13,fs-hr-02,US,TCP,SMB,48,60000,,,,,,,Windows SMB Client,,,,,,,,,no,,no,no,yes,no,no,ops2.admin,success,31,37.7749,-122.4194,Arista NDR: Admin Lateral Move on ops-jump-56->fs-hr-02 [SMB]
AR-3051,SN-2066,Admin DB Access,Data Exfiltration,critical,97,94,2026-06-10T07:48:08.000Z,2026-06-10T07:49:19.000Z,10.10.40.55,49218,00:50:56:e5:40:55,ops-jump-55,US,10.10.20.14,3306,00:50:56:b2:20:14,db-finance-01,US,TCP,MySQL,180,240000,,,,,/upload,,MySQL Connector/8.0,,,,,,,,,yes,,no,no,yes,yes,no,ops.admin,success,35,37.7749,-122.4194,Arista NDR: Admin DB Access on ops-jump-55->db-finance-01 [MySQL]
AR-3052,SN-2067,Lateral Movement,Behavioral,medium,69,66,2026-06-10T07:50:11.000Z,2026-06-10T07:50:24.000Z,10.10.10.24,49219,00:50:56:a1:10:24,ws-finance-24,US,10.10.20.12,445,00:50:56:b2:20:12,fs-payroll-01,US,TCP,SMB,16,12000,,,,,,,Windows SMB Client,,,,,,,,,no,,no,no,yes,no,no,finance3.user,success,27,37.7749,-122.4194,Arista NDR: Lateral Movement on ws-finance-24->fs-payroll-01 [SMB]
AR-3053,SN-2068,C2 Beacon Detected,Malware,critical,98,95,2026-06-10T08:00:14.000Z,2026-06-10T08:00:28.000Z,10.10.30.44,49220,00:50:56:c3:30:44,eng-workstation-44,US,203.0.113.45,443,00:11:22:33:44:66,c2-server-45,RU,TCP,HTTPS,18,4200,,,GET,c2-server-45,/beacon,200,Python-Requests/2.31,1.3,TLS_CHACHA20_POLY1305_SHA256,ja3_a53srcaaaa,ja3_a53dstaaaa,c2-server-45,payload_trickbot.bin,md5_payloadtrick,sha256_payloadtrickbotb,yes,TrickBot,yes,yes,no,no,no,eng.user,success,38,37.7749,-122.4194,Arista NDR: C2 Beacon Detected on eng-workstation-44->c2-server-45 [HTTPS]
AR-3054,SN-2069,C2 Beacon Detected,Malware,critical,98,95,2026-06-10T08:01:17.000Z,2026-06-10T08:01:30.000Z,10.10.30.44,49221,00:50:56:c3:30:44,eng-workstation-44,US,203.0.113.45,443,00:11:22:33:44:66,c2-server-45,RU,TCP,HTTPS,16,3900,,,GET,c2-server-45,/beacon,200,Python-Requests/2.31,1.3,TLS_AES_128_GCM_SHA256,ja3_a54srcaaaa,ja3_a54dstaaaa,c2-server-45,payload_trickbot.bin,md5_payloadtrick,sha256_payloadtrickbotb,yes,TrickBot,yes,yes,no,no,no,eng.user,success,39,37.7749,-122.4194,Arista NDR: C2 Beacon Detected on eng-workstation-44->c2-server-45 [HTTPS]
AR-3055,SN-2070,C2 Beacon Detected,Malware,critical,98,95,2026-06-10T08:02:05.000Z,2026-06-10T08:02:18.000Z,10.10.30.44,49222,00:50:56:c3:30:44,eng-workstation-44,US,203.0.113.45,443,00:11:22:33:44:66,c2-server-45,RU,TCP,HTTPS,17,4050,,,GET,c2-server-45,/beacon,200,Python-Requests/2.31,1.3,TLS_AES_256_GCM_SHA384,ja3_a55srcaaaa,ja3_a55dstaaaa,c2-server-45,payload_trickbot.bin,md5_payloadtrick,sha256_payloadtrickbotb,yes,TrickBot,yes,yes,no,no,no,eng.user,success,40,37.7749,-122.4194,Arista NDR: C2 Beacon Detected on eng-workstation-44->c2-server-45 [HTTPS]
AR-3056,SN-2071,Payload Download,Malware,critical,94,91,2026-06-10T08:03:08.000Z,2026-06-10T08:03:58.000Z,10.10.30.44,49223,00:50:56:c3:30:44,eng-workstation-44,US,10.10.30.1,8080,00:50:56:d4:30:01,proxy-01,US,TCP,HTTP,120,188040,,,GET,proxy-01,/data,200,Windows Defender,,,,,,payload_trickbot.bin,md5_payloadtrick,sha256_payloadtrickbotb,yes,TrickBot,no,no,no,no,no,eng.user,success,39,37.7749,-122.4194,Arista NDR: Payload Download on eng-workstation-44->proxy-01 [HTTP]
AR-3057,SN-2072,Lateral SMB,Malware,critical,91,88,2026-06-10T08:04:11.000Z,2026-06-10T08:04:26.000Z,10.10.30.44,49224,00:50:56:c3:30:44,eng-workstation-44,US,10.10.30.45,445,00:50:56:c3:30:45,eng-workstation-45,US,TCP,SMB,20,22000,,,,,,,Windows SMB Client,,,,,,payload_trickbot.bin,md5_payloadtrick,sha256_payloadtrickbotb,yes,TrickBot,no,no,yes,no,no,eng.user,success,39,37.7749,-122.4194,Arista NDR: Lateral SMB on eng-workstation-44->eng-workstation-45 [SMB]
AR-3058,SN-2073,C2 Beacon Detected,Malware,critical,96,93,2026-06-10T08:05:14.000Z,2026-06-10T08:05:27.000Z,10.10.30.45,49225,00:50:56:c3:30:45,eng-workstation-45,US,203.0.113.45,443,00:11:22:33:44:66,c2-server-45,RU,TCP,HTTPS,16,3800,,,GET,c2-server-45,/beacon,200,Python-Requests/2.31,1.3,TLS_AES_256_GCM_SHA384,ja3_a58srcaaaa,ja3_a58dstaaaa,c2-server-45,payload_trickbot.bin,md5_payloadtrick,sha256_payloadtrickbotb,yes,TrickBot,yes,yes,no,no,no,eng2.user,success,42,37.7749,-122.4194,Arista NDR: C2 Beacon Detected on eng-workstation-45->c2-server-45 [HTTPS]
AR-3059,SN-2074,C2 Beacon Detected,Malware,critical,96,93,2026-06-10T08:06:17.000Z,2026-06-10T08:06:30.000Z,10.10.30.45,49226,00:50:56:c3:30:45,eng-workstation-45,US,203.0.113.45,443,00:11:22:33:44:66,c2-server-45,RU,TCP,HTTPS,17,4000,,,GET,c2-server-45,/beacon,200,Python-Requests/2.31,1.3,TLS_CHACHA20_POLY1305_SHA256,ja3_a59srcaaaa,ja3_a59dstaaaa,c2-server-45,payload_trickbot.bin,md5_payloadtrick,sha256_payloadtrickbotb,yes,TrickBot,yes,yes,no,no,no,eng2.user,success,43,37.7749,-122.4194,Arista NDR: C2 Beacon Detected on eng-workstation-45->c2-server-45 [HTTPS]
AR-3060,SN-2075,Internal SMB,Behavioral,high,83,80,2026-06-10T08:07:05.000Z,2026-06-10T08:07:19.000Z,10.10.30.46,49227,00:50:56:c3:30:46,eng-workstation-46,US,10.10.30.44,445,00:50:56:c3:30:44,eng-workstation-44,US,TCP,SMB,18,14000,,,,,,,Windows SMB Client,,,,,,,,,no,,no,no,yes,no,no,eng3.user,success,28,37.7749,-122.4194,Arista NDR: Internal SMB on eng-workstation-46->eng-workstation-44 [SMB]
AR-3061,SN-2076,C2 Beacon Detected,Malware,critical,93,90,2026-06-10T08:08:08.000Z,2026-06-10T08:08:21.000Z,10.10.30.46,49228,00:50:56:c3:30:46,eng-workstation-46,US,203.0.113.45,443,00:11:22:33:44:66,c2-server-45,RU,TCP,HTTPS,15,3700,,,GET,c2-server-45,/beacon,200,Python-Requests/2.31,1.3,TLS_AES_256_GCM_SHA384,ja3_a61srcaaaa,ja3_a61dstaaaa,c2-server-45,payload_trickbot.bin,md5_payloadtrick,sha256_payloadtrickbotb,yes,TrickBot,yes,yes,no,no,no,eng3.user,success,32,37.7749,-122.4194,Arista NDR: C2 Beacon Detected on eng-workstation-46->c2-server-45 [HTTPS]
AR-3062,SN-2077,C2 Beacon Detected,Malware,critical,98,95,2026-06-10T08:10:11.000Z,2026-06-10T08:10:25.000Z,10.10.30.44,49229,00:50:56:c3:30:44,eng-workstation-44,US,203.0.113.45,443,00:11:22:33:44:66,c2-server-45,RU,TCP,HTTPS,18,4200,,,GET,c2-server-45,/beacon,200,Python-Requests/2.31,1.3,TLS_CHACHA20_POLY1305_SHA256,ja3_a62srcaaaa,ja3_a62dstaaaa,c2-server-45,payload_trickbot.bin,md5_payloadtrick,sha256_payloadtrickbotb,yes,TrickBot,yes,yes,no,no,no,eng.user,success,35,37.7749,-122.4194,Arista NDR: C2 Beacon Detected on eng-workstation-44->c2-server-45 [HTTPS]
AR-3063,SN-2078,C2 Beacon Detected,Malware,critical,96,93,2026-06-10T08:15:14.000Z,2026-06-10T08:15:27.000Z,10.10.30.45,49230,00:50:56:c3:30:45,eng-workstation-45,US,203.0.113.45,443,00:11:22:33:44:66,c2-server-45,RU,TCP,HTTPS,16,3900,,,GET,c2-server-45,/beacon,200,Python-Requests/2.31,1.3,TLS_AES_128_GCM_SHA256,ja3_a63srcaaaa,ja3_a63dstaaaa,c2-server-45,payload_trickbot.bin,md5_payloadtrick,sha256_payloadtrickbotb,yes,TrickBot,yes,yes,no,no,no,eng2.user,success,35,37.7749,-122.4194,Arista NDR: C2 Beacon Detected on eng-workstation-45->c2-server-45 [HTTPS]
AR-3064,SN-2079,C2 Beacon Detected,Malware,critical,93,90,2026-06-10T08:20:17.000Z,2026-06-10T08:20:30.000Z,10.10.30.46,49231,00:50:56:c3:30:46,eng-workstation-46,US,203.0.113.45,443,00:11:22:33:44:66,c2-server-45,RU,TCP,HTTPS,15,3750,,,GET,c2-server-45,/beacon,200,Python-Requests/2.31,1.3,TLS_AES_256_GCM_SHA384,ja3_a64srcaaaa,ja3_a64dstaaaa,c2-server-45,payload_trickbot.bin,md5_payloadtrick,sha256_payloadtrickbotb,yes,TrickBot,yes,yes,no,no,no,eng3.user,success,35,37.7749,-122.4194,Arista NDR: C2 Beacon Detected on eng-workstation-46->c2-server-45 [HTTPS]
AR-3065,SN-2080,TOR Traffic,Malware,critical,99,96,2026-06-10T08:25:05.000Z,2026-06-10T08:25:27.000Z,10.10.30.44,49232,00:50:56:c3:30:44,eng-workstation-44,US,185.220.101.33,9001,00:11:22:33:44:77,tor-exit-33,DE,TCP,TOR,40,28000,,,,,/beacon,,Tor Browser/13,1.3,TLS_CHACHA20_POLY1305_SHA256,ja3_a65srcaaaa,ja3_a65dstaaaa,tor-exit-33,payload_trickbot.bin,md5_payloadtrick,sha256_payloadtrickbotb,yes,TrickBot,yes,no,no,no,no,eng.user,success,38,37.7749,-122.4194,Arista NDR: TOR Traffic on eng-workstation-44->tor-exit-33 [TOR]
AR-3066,SN-2081,TOR Traffic,Malware,critical,98,95,2026-06-10T08:26:08.000Z,2026-06-10T08:26:28.000Z,10.10.30.45,49233,00:50:56:c3:30:45,eng-workstation-45,US,185.220.101.33,9001,00:11:22:33:44:77,tor-exit-33,DE,TCP,TOR,35,24000,,,,,/beacon,,Tor Browser/13,1.3,TLS_AES_128_GCM_SHA256,ja3_a66srcaaaa,ja3_a66dstaaaa,tor-exit-33,payload_trickbot.bin,md5_payloadtrick,sha256_payloadtrickbotb,yes,TrickBot,yes,no,no,no,no,eng2.user,success,39,37.7749,-122.4194,Arista NDR: TOR Traffic on eng-workstation-45->tor-exit-33 [TOR]
AR-3067,SN-2082,TOR Traffic,Malware,critical,97,94,2026-06-10T08:27:11.000Z,2026-06-10T08:27:28.000Z,10.10.10.21,49234,00:50:56:a1:10:21,ws-finance-21,US,185.220.101.33,9001,00:11:22:33:44:77,tor-exit-33,DE,TCP,TOR,28,18000,,,,,/beacon,,Tor Browser/13,1.3,TLS_AES_256_GCM_SHA384,ja3_a67srcaaaa,ja3_a67dstaaaa,tor-exit-33,payload_qakbot.bin,md5_payloadqakbo,sha256_payloadqakbotbin,yes,Qakbot,yes,no,no,no,no,finance.user,success,39,37.7749,-122.4194,Arista NDR: TOR Traffic on ws-finance-21->tor-exit-33 [TOR]
AR-3068,SN-2083,TOR Traffic,Malware,critical,93,90,2026-06-10T08:28:14.000Z,2026-06-10T08:28:30.000Z,10.10.10.22,49235,00:50:56:a1:10:22,ws-finance-22,US,185.220.101.33,9001,00:11:22:33:44:77,tor-exit-33,DE,TCP,TOR,25,16000,,,,,/beacon,,Tor Browser/13,1.3,TLS_CHACHA20_POLY1305_SHA256,ja3_a68srcaaaa,ja3_a68dstaaaa,tor-exit-33,payload_qakbot.bin,md5_payloadqakbo,sha256_payloadqakbotbin,yes,Qakbot,yes,no,no,no,no,finance2.user,success,39,37.7749,-122.4194,Arista NDR: TOR Traffic on ws-finance-22->tor-exit-33 [TOR]
AR-3069,SN-2084,TOR Traffic,Malware,critical,95,92,2026-06-10T08:29:17.000Z,2026-06-10T08:29:35.000Z,10.10.30.46,49236,00:50:56:c3:30:46,eng-workstation-46,US,185.220.101.33,9001,00:11:22:33:44:77,tor-exit-33,DE,TCP,TOR,30,20000,,,,,/beacon,,Tor Browser/13,1.3,TLS_AES_128_GCM_SHA256,ja3_a69srcaaaa,ja3_a69dstaaaa,tor-exit-33,payload_trickbot.bin,md5_payloadtrick,sha256_payloadtrickbotb,yes,TrickBot,yes,no,no,no,no,eng3.user,success,41,37.7749,-122.4194,Arista NDR: TOR Traffic on eng-workstation-46->tor-exit-33 [TOR]
AR-3070,SN-2085,Admin Login,Behavioral,medium,66,63,2026-06-10T08:35:05.000Z,2026-06-10T08:35:35.000Z,10.10.40.55,49237,00:50:56:e5:40:55,ops-jump-55,US,10.10.40.10,443,00:50:56:f6:40:10,mgmt-portal-01,US,TCP,HTTPS,64,42120,,,GET,mgmt-portal-01,/data,200,Python-Requests/2.31,1.3,TLS_AES_256_GCM_SHA384,ja3_a70srcaaaa,ja3_a70dstaaaa,mgmt-portal-01,,,,no,,no,no,no,no,no,ops.admin,success,32,37.7749,-122.4194,Arista NDR: Admin Login on ops-jump-55->mgmt-portal-01 [HTTPS]
AR-3071,SN-2086,Privilege Escalation,Behavioral,high,90,87,2026-06-10T08:36:08.000Z,2026-06-10T08:36:23.000Z,10.10.40.55,49238,00:50:56:e5:40:55,ops-jump-55,US,10.10.60.100,88,00:50:56:bb:60:01,dc-primary-01,US,TCP,Kerberos,22,5200,,,,,,,Windows Kerberos,,,,,,,,,no,,no,no,yes,no,no,ops.admin,success,41,37.7749,-122.4194,Arista NDR: Privilege Escalation on ops-jump-55->dc-primary-01 [Kerberos]
AR-3072,SN-2087,Admin Lateral Move,Behavioral,critical,92,89,2026-06-10T08:37:11.000Z,2026-06-10T08:37:39.000Z,10.10.40.55,49239,00:50:56:e5:40:55,ops-jump-55,US,10.10.20.12,445,00:50:56:b2:20:12,fs-payroll-01,US,TCP,SMB,58,75000,,,,,,,Windows SMB Client,,,,,,,,,no,,no,no,yes,no,no,ops.admin,success,31,37.7749,-122.4194,Arista NDR: Admin Lateral Move on ops-jump-55->fs-payroll-01 [SMB]
AR-3073,SN-2088,DB Exfil,Data Exfiltration,critical,97,94,2026-06-10T08:38:14.000Z,2026-06-10T08:39:25.000Z,10.10.40.55,49240,00:50:56:e5:40:55,ops-jump-55,US,10.10.20.14,3306,00:50:56:b2:20:14,db-finance-01,US,TCP,MySQL,180,240000,,,,,/upload,,MySQL Connector/8.0,,,,,,,,,yes,,no,no,no,yes,no,ops.admin,success,33,37.7749,-122.4194,Arista NDR: DB Exfil on ops-jump-55->db-finance-01 [MySQL]
AR-3074,SN-2089,Admin Login,Behavioral,high,73,70,2026-06-10T08:39:17.000Z,2026-06-10T08:39:43.000Z,10.10.40.56,49241,00:50:56:e5:40:56,ops-jump-56,US,10.10.40.10,443,00:50:56:f6:40:10,mgmt-portal-01,US,TCP,HTTPS,52,38000,,,GET,mgmt-portal-01,/data,200,Python-Requests/2.31,1.3,TLS_CHACHA20_POLY1305_SHA256,ja3_a74srcaaaa,ja3_a74dstaaaa,mgmt-portal-01,,,,no,,no,no,no,no,no,ops2.admin,success,26,37.7749,-122.4194,Arista NDR: Admin Login on ops-jump-56->mgmt-portal-01 [HTTPS]
AR-3075,SN-2090,Admin Lateral Move,Behavioral,high,89,86,2026-06-10T08:40:05.000Z,2026-06-10T08:40:30.000Z,10.10.40.56,49242,00:50:56:e5:40:56,ops-jump-56,US,10.10.20.12,445,00:50:56:b2:20:12,fs-payroll-01,US,TCP,SMB,50,62000,,,,,,,Windows SMB Client,,,,,,,,,no,,no,no,yes,no,no,ops2.admin,success,33,37.7749,-122.4194,Arista NDR: Admin Lateral Move on ops-jump-56->fs-payroll-01 [SMB]
AR-3076,SN-2091,Admin Lateral Move,Behavioral,high,87,84,2026-06-10T08:41:08.000Z,2026-06-10T08:41:31.000Z,10.10.40.56,49243,00:50:56:e5:40:56,ops-jump-56,US,10.10.20.13,445,00:50:56:b2:20:13,fs-hr-02,US,TCP,SMB,44,55000,,,,,,,Windows SMB Client,,,,,,,,,no,,no,no,yes,no,no,ops2.admin,success,33,37.7749,-122.4194,Arista NDR: Admin Lateral Move on ops-jump-56->fs-hr-02 [SMB]
AR-3077,SN-2092,App Data Access,Data Exfiltration,high,81,78,2026-06-10T08:42:11.000Z,2026-06-10T08:42:44.000Z,10.10.40.55,49244,00:50:56:e5:40:55,ops-jump-55,US,10.10.20.15,80,00:50:56:b2:20:15,app-internal-01,US,TCP,HTTP,72,88000,,,POST,app-internal-01,/upload,200,Windows Defender,,,,,,,,,yes,,no,no,no,yes,no,ops.admin,success,32,37.7749,-122.4194,Arista NDR: App Data Access on ops-jump-55->app-internal-01 [HTTP]
AR-3078,SN-2093,DCSync Attack,Behavioral,high,88,85,2026-06-10T08:43:14.000Z,2026-06-10T08:43:29.000Z,10.10.40.55,49245,00:50:56:e5:40:55,ops-jump-55,US,10.10.60.101,88,00:50:56:bb:60:02,dc-secondary-02,US,TCP,Kerberos,20,4800,,,,,,,Windows Kerberos,,,,,,,,,no,,no,no,yes,no,no,ops.admin,success,35,37.7749,-122.4194,Arista NDR: DCSync Attack on ops-jump-55->dc-secondary-02 [Kerberos]
AR-3079,SN-2094,DB Exfil,Data Exfiltration,critical,95,92,2026-06-10T08:44:17.000Z,2026-06-10T08:45:14.000Z,10.10.40.56,49246,00:50:56:e5:40:56,ops-jump-56,US,10.10.20.14,3306,00:50:56:b2:20:14,db-finance-01,US,TCP,MySQL,140,180000,,,,,/upload,,MySQL Connector/8.0,,,,,,,,,yes,,no,no,no,yes,no,ops2.admin,success,39,37.7749,-122.4194,Arista NDR: DB Exfil on ops-jump-56->db-finance-01 [MySQL]
AR-3080,SN-2095,SIEM Log Tampering,Behavioral,medium,71,68,2026-06-10T08:45:05.000Z,2026-06-10T08:45:17.000Z,10.10.40.55,49247,00:50:56:e5:40:55,ops-jump-55,US,10.10.70.200,514,00:50:56:cc:70:01,siem-collector-01,US,UDP,Syslog,12,8000,,,,,,,rsyslog/8.2,,,,,,,,,no,,no,no,no,no,no,ops.admin,success,31,37.7749,-122.4194,Arista NDR: SIEM Log Tampering on ops-jump-55->siem-collector-01 [Syslog]
AR-3081,SN-2096,Data Exfil,Data Exfiltration,critical,99,99,2026-06-10T08:55:08.000Z,2026-06-10T08:56:20.000Z,10.10.40.55,49248,00:50:56:e5:40:55,ops-jump-55,US,198.51.100.77,8443,00:11:22:33:44:55,cloud-dropbox-01,US,TCP,HTTPS,184,912540,,,POST,cloud-dropbox-01,/upload,200,Python-Requests/2.31,1.3,TLS_AES_128_GCM_SHA256,ja3_a81srcaaaa,ja3_a81dstaaaa,cloud-dropbox-01,,,,yes,,no,no,no,yes,no,ops.admin,success,43,37.7749,-122.4194,Arista NDR: Data Exfil on ops-jump-55->cloud-dropbox-01 [HTTPS]
AR-3082,SN-2097,Data Exfil,Data Exfiltration,critical,99,99,2026-06-10T08:56:11.000Z,2026-06-10T08:57:32.000Z,10.10.40.55,49249,00:50:56:e5:40:55,ops-jump-55,US,198.51.100.77,8443,00:11:22:33:44:55,cloud-dropbox-01,US,TCP,HTTPS,210,1024000,,,POST,cloud-dropbox-01,/upload,200,Python-Requests/2.31,1.3,TLS_AES_256_GCM_SHA384,ja3_a82srcaaaa,ja3_a82dstaaaa,cloud-dropbox-01,,,,yes,,no,no,no,yes,no,ops.admin,success,44,37.7749,-122.4194,Arista NDR: Data Exfil on ops-jump-55->cloud-dropbox-01 [HTTPS]
AR-3083,SN-2098,Data Exfil,Data Exfiltration,critical,99,97,2026-06-10T08:57:14.000Z,2026-06-10T08:58:18.000Z,10.10.40.56,49250,00:50:56:e5:40:56,ops-jump-56,US,198.51.100.77,8443,00:11:22:33:44:55,cloud-dropbox-01,US,TCP,HTTPS,160,768000,,,POST,cloud-dropbox-01,/upload,200,Python-Requests/2.31,1.3,TLS_CHACHA20_POLY1305_SHA256,ja3_a83srcaaaa,ja3_a83dstaaaa,cloud-dropbox-01,,,,yes,,no,no,no,yes,no,ops2.admin,success,44,37.7749,-122.4194,Arista NDR: Data Exfil on ops-jump-56->cloud-dropbox-01 [HTTPS]
AR-3084,SN-2099,DB Data Exfil,Data Exfiltration,critical,99,96,2026-06-10T08:58:17.000Z,2026-06-10T08:59:09.000Z,10.10.20.14,49251,00:50:56:b2:20:14,db-finance-01,US,198.51.100.77,8443,00:11:22:33:44:55,cloud-dropbox-01,US,TCP,HTTPS,128,524288,,,POST,cloud-dropbox-01,/upload,200,Python-Requests/2.31,1.3,TLS_AES_128_GCM_SHA256,ja3_a84srcaaaa,ja3_a84dstaaaa,cloud-dropbox-01,,,,yes,,no,no,no,yes,no,svc-db,success,33,37.7749,-122.4194,Arista NDR: DB Data Exfil on db-finance-01->cloud-dropbox-01 [HTTPS]
AR-3085,SN-2100,HR Data Exfil,Data Exfiltration,critical,97,94,2026-06-10T08:59:05.000Z,2026-06-10T08:59:48.000Z,10.10.20.13,49252,00:50:56:b2:20:13,fs-hr-02,US,198.51.100.77,8443,00:11:22:33:44:55,cloud-dropbox-01,US,TCP,HTTPS,100,420000,,,POST,cloud-dropbox-01,/upload,200,Python-Requests/2.31,1.3,TLS_AES_256_GCM_SHA384,ja3_a85srcaaaa,ja3_a85dstaaaa,cloud-dropbox-01,,,,yes,,no,no,no,yes,no,svc-hr,success,33,37.7749,-122.4194,Arista NDR: HR Data Exfil on fs-hr-02->cloud-dropbox-01 [HTTPS]
AR-3086,SN-2101,Data Exfil,Data Exfiltration,critical,99,98,2026-06-10T09:00:08.000Z,2026-06-10T09:01:05.000Z,10.10.40.55,49253,00:50:56:e5:40:55,ops-jump-55,US,198.51.100.77,8443,00:11:22:33:44:55,cloud-dropbox-01,US,TCP,HTTPS,140,650000,,,POST,cloud-dropbox-01,/upload,200,Python-Requests/2.31,1.3,TLS_CHACHA20_POLY1305_SHA256,ja3_a86srcaaaa,ja3_a86dstaaaa,cloud-dropbox-01,,,,yes,,no,no,no,yes,no,ops.admin,success,36,37.7749,-122.4194,Arista NDR: Data Exfil on ops-jump-55->cloud-dropbox-01 [HTTPS]
AR-3087,SN-2102,Data Exfil,Data Exfiltration,critical,96,93,2026-06-10T09:01:11.000Z,2026-06-10T09:01:47.000Z,10.10.10.21,49254,00:50:56:a1:10:21,ws-finance-21,US,198.51.100.77,8443,00:11:22:33:44:55,cloud-dropbox-01,US,TCP,HTTPS,80,320000,,,POST,cloud-dropbox-01,/upload,200,Python-Requests/2.31,1.3,TLS_AES_128_GCM_SHA256,ja3_a87srcaaaa,ja3_a87dstaaaa,cloud-dropbox-01,,,,yes,,no,no,no,yes,no,finance.user,success,35,37.7749,-122.4194,Arista NDR: Data Exfil on ws-finance-21->cloud-dropbox-01 [HTTPS]
AR-3088,SN-2103,Data Exfil,Malware,critical,94,91,2026-06-10T09:02:14.000Z,2026-06-10T09:02:46.000Z,10.10.30.44,49255,00:50:56:c3:30:44,eng-workstation-44,US,198.51.100.77,8443,00:11:22:33:44:55,cloud-dropbox-01,US,TCP,HTTPS,70,280000,,,POST,cloud-dropbox-01,/upload,200,Python-Requests/2.31,1.3,TLS_AES_256_GCM_SHA384,ja3_a88srcaaaa,ja3_a88dstaaaa,cloud-dropbox-01,payload_trickbot.bin,md5_payloadtrick,sha256_payloadtrickbotb,yes,TrickBot,no,no,no,yes,no,eng.user,success,35,37.7749,-122.4194,Arista NDR: Data Exfil on eng-workstation-44->cloud-dropbox-01 [HTTPS]
AR-3089,SN-2104,CDN Exfil,Data Exfiltration,critical,93,90,2026-06-10T09:03:17.000Z,2026-06-10T09:04:07.000Z,10.10.40.56,49256,00:50:56:e5:40:56,ops-jump-56,US,104.21.15.88,443,00:11:22:33:44:99,cdn-edge-88,US,TCP,HTTPS,120,512000,,,POST,cdn-edge-88,/upload,200,Python-Requests/2.31,1.3,TLS_CHACHA20_POLY1305_SHA256,ja3_a89srcaaaa,ja3_a89dstaaaa,cdn-edge-88,,,,yes,,no,no,no,yes,no,ops2.admin,success,36,37.7749,-122.4194,Arista NDR: CDN Exfil on ops-jump-56->cdn-edge-88 [HTTPS]
AR-3090,SN-2105,DNS Spike,Behavioral,medium,61,58,2026-06-10T09:15:05.000Z,2026-06-10T09:15:20.000Z,10.10.50.18,49257,00:50:56:aa:50:18,rd-lab-18,US,9.9.9.9,53,00:00:00:00:00:02,public-dns-01,US,UDP,DNS,22,1680,public-dns-01,NOERROR,,,,,Windows DNS Resolver,,,,,,,,,no,,no,no,no,no,no,lab.user,success,26,37.7749,-122.4194,Arista NDR: DNS Spike on rd-lab-18->public-dns-01 [DNS]
AR-3091,SN-2106,DNS Tunneling Suspected,Data Exfiltration,medium,69,66,2026-06-10T09:16:08.000Z,2026-06-10T09:16:26.000Z,10.10.50.18,49258,00:50:56:aa:50:18,rd-lab-18,US,8.8.8.8,53,00:00:00:00:00:01,google-dns,US,UDP,DNS,30,2400,google-dns,NOERROR,,,/upload,,Windows DNS Resolver,,,,,,,,,yes,,no,no,no,yes,no,lab.user,success,30,37.7749,-122.4194,Arista NDR: DNS Tunneling Suspected on rd-lab-18->google-dns [DNS]
AR-3092,SN-2107,DNS Tunneling Suspected,Data Exfiltration,medium,65,62,2026-06-10T09:17:11.000Z,2026-06-10T09:17:27.000Z,10.10.50.19,49259,00:50:56:aa:50:19,rd-lab-19,US,8.8.8.8,53,00:00:00:00:00:01,google-dns,US,UDP,DNS,24,1900,google-dns,NOERROR,,,/upload,,Windows DNS Resolver,,,,,,,,,yes,,no,no,no,yes,no,lab2.user,success,29,37.7749,-122.4194,Arista NDR: DNS Tunneling Suspected on rd-lab-19->google-dns [DNS]
AR-3093,SN-2108,C2 Contact,C2,high,91,88,2026-06-10T09:18:14.000Z,2026-06-10T09:18:27.000Z,10.10.50.18,49260,00:50:56:aa:50:18,rd-lab-18,US,203.0.113.45,443,00:11:22:33:44:66,c2-server-45,RU,TCP,HTTPS,15,3600,,,GET,c2-server-45,/beacon,200,Python-Requests/2.31,1.3,TLS_AES_128_GCM_SHA256,ja3_a93srcaaaa,ja3_a93dstaaaa,c2-server-45,,,,yes,,yes,yes,no,no,no,lab.user,success,39,37.7749,-122.4194,Arista NDR: C2 Contact on rd-lab-18->c2-server-45 [HTTPS]
AR-3094,SN-2109,C2 Contact,C2,high,88,85,2026-06-10T09:19:17.000Z,2026-06-10T09:19:29.000Z,10.10.50.19,49261,00:50:56:aa:50:19,rd-lab-19,US,203.0.113.45,443,00:11:22:33:44:66,c2-server-45,RU,TCP,HTTPS,14,3400,,,GET,c2-server-45,/beacon,200,Python-Requests/2.31,1.3,TLS_AES_256_GCM_SHA384,ja3_a94srcaaaa,ja3_a94dstaaaa,c2-server-45,,,,yes,,yes,yes,no,no,no,lab2.user,success,39,37.7749,-122.4194,Arista NDR: C2 Contact on rd-lab-19->c2-server-45 [HTTPS]
AR-3095,SN-2110,DNS Tunneling Suspected,Data Exfiltration,medium,67,64,2026-06-10T09:20:05.000Z,2026-06-10T09:20:22.000Z,10.10.50.18,49262,00:50:56:aa:50:18,rd-lab-18,US,9.9.9.9,53,00:00:00:00:00:02,public-dns-01,US,UDP,DNS,26,2100,public-dns-01,NOERROR,,,/upload,,Windows DNS Resolver,,,,,,,,,yes,,no,no,no,yes,no,lab.user,success,33,37.7749,-122.4194,Arista NDR: DNS Tunneling Suspected on rd-lab-18->public-dns-01 [DNS]
AR-3096,SN-2111,C2 Beacon Detected,C2,high,91,88,2026-06-10T09:21:08.000Z,2026-06-10T09:21:21.000Z,10.10.50.18,49263,00:50:56:aa:50:18,rd-lab-18,US,203.0.113.45,443,00:11:22:33:44:66,c2-server-45,RU,TCP,HTTPS,15,3700,,,GET,c2-server-45,/beacon,200,Python-Requests/2.31,1.3,TLS_AES_128_GCM_SHA256,ja3_a96srcaaaa,ja3_a96dstaaaa,c2-server-45,,,,yes,,yes,yes,no,no,no,lab.user,success,30,37.7749,-122.4194,Arista NDR: C2 Beacon Detected on rd-lab-18->c2-server-45 [HTTPS]
AR-3097,SN-2112,TOR Traffic,C2,high,91,88,2026-06-10T09:22:11.000Z,2026-06-10T09:22:26.000Z,10.10.50.19,49264,00:50:56:aa:50:19,rd-lab-19,US,185.220.101.33,9001,00:11:22:33:44:77,tor-exit-33,DE,TCP,TOR,22,14000,,,,,/beacon,,Tor Browser/13,1.3,TLS_AES_256_GCM_SHA384,ja3_a97srcaaaa,ja3_a97dstaaaa,tor-exit-33,,,,yes,,yes,no,no,no,no,lab2.user,success,31,37.7749,-122.4194,Arista NDR: TOR Traffic on rd-lab-19->tor-exit-33 [TOR]
AR-3098,SN-2114,Log Deletion Attempt,Behavioral,high,79,76,2026-06-10T09:30:14.000Z,2026-06-10T09:30:27.000Z,10.10.40.55,49266,00:50:56:e5:40:55,ops-jump-55,US,10.10.70.200,514,00:50:56:cc:70:01,siem-collector-01,US,UDP,Syslog,16,12000,,,,,,,rsyslog/8.2,,,,,,,,,no,,no,no,no,no,no,ops.admin,success,28,37.7749,-122.4194,Arista NDR: Log Deletion Attempt on ops-jump-55->siem-collector-01 [Syslog]
AR-3099,SN-2115,Log Modification,Behavioral,medium,75,72,2026-06-10T09:31:17.000Z,2026-06-10T09:31:29.000Z,10.10.40.56,49267,00:50:56:e5:40:56,ops-jump-56,US,10.10.70.200,514,00:50:56:cc:70:01,siem-collector-01,US,UDP,Syslog,12,8000,,,,,,,rsyslog/8.2,,,,,,,,,no,,no,no,no,no,no,ops2.admin,success,28,37.7749,-122.4194,Arista NDR: Log Modification on ops-jump-56->siem-collector-01 [Syslog]
AR-3100,SN-2116,GPO Modification,Behavioral,high,83,80,2026-06-10T09:32:05.000Z,2026-06-10T09:32:22.000Z,10.10.40.55,49268,00:50:56:e5:40:55,ops-jump-55,US,10.10.60.100,445,00:50:56:bb:60:01,dc-primary-01,US,TCP,SMB,28,32000,,,,,,,Windows SMB Client,,,,,,,,,no,,no,no,yes,no,no,ops.admin,success,32,37.7749,-122.4194,Arista NDR: GPO Modification on ops-jump-55->dc-primary-01 [SMB]
AR-3101,SN-2117,Account Modification,Behavioral,high,81,78,2026-06-10T09:33:08.000Z,2026-06-10T09:33:24.000Z,10.10.40.55,49269,00:50:56:e5:40:55,ops-jump-55,US,10.10.60.101,389,00:50:56:bb:60:02,dc-secondary-02,US,TCP,LDAP,24,18000,,,,,,,ldapsearch/64,,,,,,,,,no,,no,no,yes,no,no,ops.admin,success,32,37.7749,-122.4194,Arista NDR: Account Modification on ops-jump-55->dc-secondary-02 [LDAP]
